Activity Type,Date,Favorite,Title,Distance,Calories,Time,Avg HR,Max HR,Aerobic TE,Avg Run Cadence,Max Run Cadence,Avg Pace,Best Pace,Elev Gain,Elev Loss,Avg Stride Length,Avg Vertical Ratio,Avg Vertical Oscillation,Avg Ground Contact Time,Avg GCT Balance,Avg Run Cadence,Max Run Cadence,Training Stress ScoreÂ®,Grit,Flow,Climb Time,Bottom Time,Min Temp,Surface Interval,Decompression,Best Lap Time,Number of Laps,Max Temp
Running,2020-10-01 23:42:43,false,West Coast,12.01,628,01:19:02,165,186,3.7,154,176,6:35,4:42,38,21,0.98,0,0,--,--,--,--,0,0,0,1:19:02,0:00,29,0:00,No,00:02.02,13,0
Running,2020-09-28 23:08:06,false,West Coast,12.01,674,01:22:05,170,184,3.9,153,164,6:50,5:16,30,28,0.95,0,0,--,--,--,--,0,0,0,1:22:05,0:00,30,0:00,No,00:02.06,13,0
Other,2020-09-27 19:55:18,false,Table Tennis,0,612,01:55:53,140,180,3.1,8,157,--,--,--,--,0,0,0,--,--,--,--,0,0,0,1:55:53,0:00,28,0:00,No,01:55:53.43,1,0
Running,2020-09-24 23:40:59,false,West Coast,8.01,470,00:54:08,171,185,3.6,154,162,6:46,5:46,17,16,0.96,0,0,--,--,--,--,0,0,0,54:08,0:00,30,0:00,No,00:02.43,9,0
Other,2020-09-23 19:59:19,false,Table Tennis,0,873,01:51:55,156,171,3.6,8,187,--,--,--,--,0,0,0,--,--,--,--,0,0,0,1:51:55,0:00,31,0:00,No,01:51:55.17,1,0
Other,2020-09-20 19:59:32,false,Table Tennis,0,781,01:56:59,146,174,3.3,7,167,--,--,--,--,0,0,0,--,--,--,--,0,0,0,1:56:59,0:00,29,0:00,No,01:56:58.59,1,0
Running,2020-09-19 23:28:36,false,West Coast,2.05,97,00:10:11,171,193,2.5,168,176,4:58,4:22,8,8,1.2,0,0,--,--,--,--,0,0,0,10:11,0:00,30,0:00,No,00:13.87,3,0
Running,2020-09-16 23:22:58,false,West Coast,12.01,664,01:19:10,165,177,3.6,157,168,6:36,5:06,40,27,0.97,0,0,--,--,--,--,0,0,0,1:19:10,0:00,29,0:00,No,00:01.90,13,0
Running,2020-09-14 23:26:48,false,West Coast,7.01,377,00:45:30,160,175,3.3,160,174,6:30,5:42,14,13,0.96,0,0,--,--,--,--,0,0,0,45:30,0:00,27,0:00,No,00:01.93,8,0
Other,2020-09-13 20:06:34,false,Table Tennis,0,758,01:48:50,151,174,3.4,8,216,--,--,--,--,0,0,0,--,--,--,--,0,0,0,1:48:50,0:00,27,0:00,No,01:48:50.20,1,0
Running,2020-09-11 23:43:13,false,West Coast,4.71,240,00:27:19,169,198,3.6,158,188,5:48,3:53,18,9,1.09,0,0,--,--,--,--,0,0,0,27:19,0:00,29,0:00,No,03:21.65,5,0
Running,2020-09-09 00:13:56,false,West Coast,12.01,689,01:22:23,172,184,4,157,170,6:52,5:37,32,24,0.93,0,0,--,--,--,--,0,0,0,1:22:23,0:00,28,0:00,No,00:02.09,13,0
Other,2020-09-06 20:01:04,false,Table Tennis,0,790,01:51:54,154,174,3.6,10,163,--,--,--,--,0,0,0,--,--,--,--,0,0,0,1:51:54,0:00,29,0:00,No,01:51:54.14,1,0
Running,2020-09-06 00:08:10,false,West Coast,8.8,480,00:59:25,164,180,3.5,158,174,6:45,5:48,38,21,0.94,0,0,--,--,--,--,0,0,0,59:25,0:00,28,0:00,No,05:10.19,9,0
Running,2020-09-03 23:43:02,false,West Coast,7.52,418,00:49:01,168,188,3.7,158,174,6:31,4:51,22,20,0.97,0,0,--,--,--,--,0,0,0,49:01,0:00,29,0:00,No,02:46.47,8,0
Running,2020-09-01 00:01:42,false,West Coast,4.01,207,00:22:51,167,193,3.3,163,182,5:42,4:23,18,21,1.08,0,0,--,--,--,--,0,0,0,22:51,0:00,29,0:00,No,00:02.29,5,0
Other,2020-08-30 19:58:07,false,Table Tennis,0,751,01:52:39,150,174,3.3,11,202,--,--,--,--,0,0,0,--,--,--,--,0,0,0,1:52:39,0:00,30,0:00,No,01:52:38.62,1,0
Running,2020-08-28 23:10:56,false,West Coast,10.01,557,01:08:50,167,180,3.6,157,166,6:53,5:47,22,21,0.93,0,0,--,--,--,--,0,0,0,1:08:50,0:00,30,0:00,No,00:02.37,11,0
Running,2020-08-27 00:15:45,false,West Coast,3.51,182,00:20:27,168,188,3.2,156,172,5:50,4:44,12,13,1.1,0,0,--,--,--,--,0,0,0,20:27,0:00,29,0:00,No,02:32.11,4,0
Running,2020-08-24 23:30:24,false,West Coast,9.01,498,01:00:53,167,185,3.7,154,164,6:46,5:20,22,20,0.96,0,0,--,--,--,--,0,0,0,1:00:53,0:00,29,0:00,No,00:02.70,10,0
Other,2020-08-22 20:02:00,false,Table Tennis,0,687,01:53:07,145,179,3,9,158,--,--,--,--,0,0,0,--,--,--,--,0,0,0,1:53:07,0:00,29,0:00,No,01:53:07.45,1,0
Running,2020-08-21 22:43:00,false,Bishan-Ang Mo Kio Park,5.01,264,00:28:51,175,191,3.8,160,172,5:46,4:53,14,16,1.08,0,0,--,--,--,--,0,0,0,28:51,0:00,30,0:00,No,00:01.57,6,0
Running,2020-08-18 23:33:02,false,West Coast,12.01,646,01:23:31,165,177,3.5,152,176,6:57,5:31,42,31,0.94,0,0,--,--,--,--,0,0,0,1:23:31,0:00,29,0:00,No,00:02.57,13,0
Other,2020-08-14 20:02:48,false,Table Tennis,0,684,01:56:51,144,172,3.4,8,163,--,--,--,--,0,0,0,--,--,--,--,0,0,0,1:56:51,0:00,28,0:00,No,01:56:51.23,1,0
Running,2020-08-13 23:50:20,false,West Coast,10,560,01:08:32,170,183,3.8,154,162,6:51,5:17,27,22,0.95,0,0,--,--,--,--,0,0,0,1:08:32,0:00,30,0:00,No,00:01.54,11,0
Running,2020-08-12 00:41:55,false,West Coast,4.9,275,00:33:55,165,182,3.2,154,160,6:55,6:17,16,8,0.94,0,0,--,--,--,--,0,0,0,33:55,0:00,31,0:00,No,06:11.59,5,0
Running,2020-08-09 22:36:36,false,Bishan-Ang Mo Kio Park,5.01,270,00:31:09,169,185,3.4,156,174,6:13,4:56,10,15,1.03,0,0,--,--,--,--,0,0,0,31:09,0:00,30,0:00,No,00:02.99,6,0
Running,2020-08-06 23:27:37,false,West Coast,7.01,392,00:48:46,164,180,3.4,156,168,6:58,5:29,24,21,0.92,0,0,--,--,--,--,0,0,0,48:46,0:00,30,0:00,No,00:02.31,8,0
Running,2020-08-04 23:04:55,false,West Coast,5.01,276,00:32:15,166,183,3.4,155,162,6:27,5:14,14,8,1,0,0,--,--,--,--,0,0,0,32:15,0:00,29,0:00,No,00:01.44,6,0
Running,2020-08-02 23:55:42,false,West Coast,3.01,165,00:19:24,165,190,3,154,160,6:27,5:30,12,12,1,0,0,--,--,--,--,0,0,0,19:24,0:00,30,0:00,No,00:01.40,4,0
Running,2020-07-31 23:30:32,false,West Coast,7.01,412,00:48:36,172,186,3.7,153,158,6:56,5:18,21,19,0.94,0,0,--,--,--,--,0,0,0,48:36,0:00,30,0:00,No,00:01.54,8,0
Running,2020-07-28 21:29:02,false,West Coast,3.33,186,00:23:09,163,183,2.8,148,154,6:57,6:08,13,17,0.97,0,0,--,--,--,--,0,0,0,23:09,0:00,30,0:00,No,02:15.91,4,0
Running,2020-07-26 22:30:43,false,West Coast,5.33,310,00:36:31,166,186,3.4,151,158,6:51,5:31,12,10,0.96,0,0,--,--,--,--,0,0,0,36:31,0:00,29,0:00,No,02:06.50,6,0
Running,2020-07-23 23:36:27,false,Kent Ridge,4.01,243,00:25:29,177,191,3.4,154,160,6:22,5:32,23,28,1.02,0,0,--,--,--,--,0,0,0,25:29,0:00,29,0:00,No,00:02.00,5,0
Running,2020-07-21 23:27:02,false,West Coast,2.01,111,00:11:54,168,191,2.6,155,158,5:55,5:06,7,8,1.09,0,0,--,--,--,--,0,0,0,11:54,0:00,30,0:00,No,00:02.02,3,0
Other,2020-07-19 20:17:59,false,Table Tennis,0,693,01:27:47,158,177,3.9,5,196,--,6.6,2,11,3.96,0,0,--,--,--,--,0,0,0,1:27:47,0:00,29,0:00,No,01:27:46.54,1,0
Running,2020-07-17 00:17:53,false,Kent Ridge,4.01,256,00:27:48,170,189,3.3,152,158,6:56,5:54,24,24,0.95,0,0,--,--,--,--,0,0,0,27:48,0:00,29,0:00,No,00:01.39,5,0
Running,2020-07-14 23:55:45,false,West Coast,3.21,196,00:20:40,168,192,3.1,153,156,6:26,5:51,13,13,1.02,0,0,--,--,--,--,0,0,0,20:40,0:00,28,0:00,No,01:17.93,4,0
Running,2020-07-12 23:12:20,false,West Coast,5.01,344,00:34:25,175,190,4,150,160,6:53,5:40,12,8,0.97,0,0,--,--,--,--,0,0,0,34:25,0:00,29,0:00,No,00:02.21,6,0
Running,2020-07-09 22:57:23,false,West Coast,3.01,190,00:19:29,170,193,3.4,150,158,6:29,5:25,9,10,1.03,0,0,--,--,--,--,0,0,0,19:29,0:00,28,0:00,No,00:02.13,4,0
Running,2020-07-08 00:02:54,false,West Coast,4.01,282,00:27:58,171,190,4.1,147,156,6:58,6:16,12,12,0.97,0,0,--,--,--,--,0,0,0,27:58,0:00,28,0:00,No,00:03.30,5,0
Other,2020-07-05 20:07:43,false,Table Tennis,0,867,01:41:16,154,179,4.6,9,196,--,--,--,--,0,0,0,--,--,--,--,0,0,0,1:41:16,0:00,27,0:00,No,01:41:16.15,1,0
Running,2020-07-02 22:47:48,false,West Coast,3.33,246,00:23:36,171,190,3.8,150,156,7:05,6:19,13,15,0.94,0,0,--,--,--,--,0,0,0,23:36,0:00,30,0:00,No,02:18.93,4,0
Running,2020-06-29 22:53:24,false,West Coast,3.36,253,00:24:35,170,190,4,148,154,7:19,6:15,12,13,0.92,0,0,--,--,--,--,0,0,0,24:35,0:00,30,0:00,No,02:34.87,4,0
Other,2020-06-21 20:58:17,false,Table Tennis,0,543,00:58:24,162,188,5,7,154,--,--,--,--,0,0,0,--,--,--,--,0,0,0,58:24,0:00,27,0:00,No,58:24.49,1,0
Running,2020-05-23 17:06:36,false,West Coast,2.3,159,00:14:33,186,199,4.2,152,158,6:19,5:38,8,7,1.05,0,0,--,--,--,--,0,0,0,14:33,0:00,31,0:00,No,01:51.97,3,0
Running,2020-05-08 00:10:51,false,Singapore Run,2.01,132,00:13:31,172,192,3.1,146,152,6:44,6:01,7,8,1.01,0,0,--,--,--,--,0,0,0,13:31,0:00,31,0:00,No,00:02.81,3,0
Running,2020-05-03 23:49:22,false,West Coast,4.01,277,00:26:24,178,194,4.4,147,154,6:35,5:33,13,15,1.03,0,0,--,--,--,--,0,0,0,26:24,0:00,31,0:00,No,00:01.84,5,0
Running,2020-05-02 00:14:19,false,West Coast,3.25,222,00:21:01,177,196,4,150,160,6:28,5:50,13,12,1.03,0,0,--,--,--,--,0,0,0,21:01,0:00,29,0:00,No,01:33.13,4,0
Running,2020-04-27 23:43:44,false,West Coast,2.7,188,00:17:35,176,194,3.7,150,156,6:30,6:01,9,11,1.03,0,0,--,--,--,--,0,0,0,17:35,0:00,29,0:00,No,04:33.82,3,0
Running,2020-04-13 23:48:31,false,West Coast,4.01,258,00:27:58,157,174,3,149,154,6:59,5:55,10,8,0.96,0,0,--,--,--,--,0,0,0,27:58,0:00,29,0:00,No,00:02.22,5,0
Running,2020-04-11 23:02:43,false,West Coast,3.01,174,00:19:21,152,182,2.7,154,160,6:26,5:39,10,6,1.01,0,0,--,--,--,--,0,0,0,19:21,0:00,29,0:00,No,00:02.37,4,0
Running,2020-04-09 23:07:02,false,West Coast,7.01,501,00:48:51,165,180,4.1,148,160,6:58,5:44,20,21,0.96,0,0,--,--,--,--,0,0,0,48:51,0:00,29,0:00,No,00:01.89,8,0
Running,2020-04-05 23:20:23,false,West Coast,4.51,301,00:26:41,175,197,4.2,154,164,5:55,4:56,7,9,1.1,0,0,--,--,--,--,0,0,0,26:41,0:00,29,0:00,No,02:45.61,5,0
Running,2020-04-01 23:18:29,false,Kent Ridge,3.75,256,00:22:17,174,201,4,153,168,5:56,4:59,24,26,1.1,0,0,--,--,--,--,0,0,0,22:17,0:00,29,0:00,No,04:05.69,4,0
Other,2020-03-30 21:10:35,false,Table Tennis,0,365,00:50:02,128,173,3.6,7,163,--,--,--,--,0,0,0,--,--,--,--,0,0,0,50:02,0:00,26,0:00,No,00:00.00,1,0
Running,2020-03-29 22:41:09,false,West Coast,5.21,368,00:32:42,173,199,4.5,151,164,6:17,4:46,10,10,1.05,0,0,--,--,--,--,0,0,0,32:42,0:00,30,0:00,No,01:09.92,6,0
Running,2020-03-27 23:08:46,false,West Coast,3.01,210,00:16:21,179,201,3.8,155,164,5:26,4:58,6,6,1.18,0,0,--,--,--,--,0,0,0,16:21,0:00,28,0:00,No,00:02.23,4,0
Other,2020-03-23 19:34:38,false,Table Tennis,0,898,02:23:47,134,182,4.3,7,158,--,--,--,--,0,0,0,--,--,--,--,0,0,0,2:23:47,0:00,25,0:00,No,00:00.00,1,0
Other,2020-03-04 20:01:20,false,Table Tennis,0,900,01:46:57,156,186,4.7,7,160,--,--,--,--,0,0,0,--,--,--,--,0,0,0,1:46:57,0:00,28,0:00,No,00:00.00,1,0
Other,2020-02-29 19:56:33,false,Table Tennis,0,787,01:45:32,144,175,3.7,7,154,--,--,--,--,0,0,0,--,--,--,--,0,0,0,1:45:32,0:00,26,0:00,No,00:00.00,1,0
Other,2020-02-23 19:19:18,false,Table Tennis,0,839,02:18:12,135,171,3.5,7,226,--,--,--,--,0,0,0,--,--,--,--,0,0,0,2:18:12,0:00,26,0:00,No,00:00.00,1,0
Other,2020-02-16 19:44:57,false,Table Tennis,0,731,01:33:52,146,170,3.3,7,210,--,--,--,--,0,0,0,--,--,--,--,0,0,0,1:33:52,0:00,24,0:00,No,00:00.00,1,0
Running,2020-02-15 22:08:50,false,Bishan-Ang Mo Kio Park,5.51,319,00:32:57,167,182,3.6,156,162,5:59,5:21,9,13,1.08,0,0,--,--,--,--,0,0,0,32:57,0:00,29,0:00,No,03:03.54,6,0
Treadmill Running,2020-02-12 07:18:27,false,Treadmill,4.26,261,00:23:29,180,193,--,160,168,5:31,4:59,--,--,0,0,0,--,--,--,--,0,0,0,23:29,0:00,0,0:00,No,02:36.00,5,0
Other,2020-02-09 19:33:24,false,Table Tennis,0,727,01:38:51,141,176,3.2,10,163,--,--,--,--,0,0,0,--,--,--,--,0,0,0,1:38:51,0:00,27,0:00,No,00:00.00,1,0
Running,2020-02-08 23:56:09,false,West Coast,3.26,183,00:17:37,171,192,3.2,157,162,5:24,4:54,15,13,1.18,0,0,--,--,--,--,0,0,0,17:37,0:00,29,0:00,No,01:19.83,4,0
Running,2020-02-04 18:31:24,false,Tanglin to Home,7.63,444,00:42:05,176,192,5,156,170,5:31,4:39,57,49,1.16,0,0,--,--,--,--,0,0,0,42:05,0:00,30,0:00,No,03:12.40,8,0
Other,2020-02-01 19:59:07,false,Table Tennis,0,889,01:59:27,151,176,4.2,9,183,--,--,--,--,0,0,0,--,--,--,--,0,0,0,1:59:27,0:00,26,0:00,No,00:00.00,1,0
Running,2020-01-31 23:12:39,false,West Coast,4.6,267,00:26:08,172,195,3.9,152,166,5:41,4:38,8,8,1.15,0,0,--,--,--,--,0,0,0,26:08,0:00,29,0:00,No,03:03.96,5,0
Other,2020-01-30 20:07:05,false,Table Tennis,0,662,01:57:13,123,171,3.3,7,244,--,--,--,--,0,0,0,--,--,--,--,0,0,0,1:57:13,0:00,27,0:00,No,00:00.00,1,0
Running,2020-01-25 23:33:30,false,West Coast,3.51,216,00:20:03,175,193,3.6,154,161,5:43,5:04,6,5,1.14,0,0,--,--,--,--,0,0,0,20:03,0:00,29,0:00,No,03:19.19,4,0
Running,2020-01-15 18:18:26,false,Tanglin to Home,7.01,440,00:42:03,174,195,4.9,154,170,6:00,4:50,51,42,1.08,0,0,--,--,--,--,0,0,0,42:03,0:00,30,0:00,No,00:01.40,8,0
Other,2020-01-14 20:26:30,false,Table Tennis,0,752,01:49:01,140,173,3.4,14,178,--,--,--,--,0,0,0,--,--,--,--,0,0,0,1:49:01,0:00,26,0:00,No,00:00.00,1,0
Other,2020-01-08 20:09:04,false,Table Tennis,0,847,02:00:23,146,172,3.3,8,196,--,--,--,--,0,0,0,--,--,--,--,0,0,0,2:00:23,0:00,26,0:00,No,00:00.00,1,0
Running,2020-01-07 18:41:36,false,Tanglin to Home,7.25,465,00:49:29,162,177,3.9,152,175,6:50,4:12,61,46,0.96,0,0,--,--,--,--,0,0,0,49:29,0:00,28,0:00,No,01:50.40,8,0
Other,2020-01-04 14:24:31,false,Table Tennis,0,706,01:47:29,137,162,2.8,7,226,--,--,--,--,0,0,0,--,--,--,--,0,0,0,1:47:29,0:00,26,0:00,No,00:00.00,1,0
Running,2020-01-02 18:20:46,false,Tanglin to Home,7.51,458,00:43:43,173,190,5,154,167,5:49,4:49,59,58,1.11,0,0,--,--,--,--,0,0,0,43:43,0:00,28,0:00,No,03:02.87,8,0
Other,2019-12-31 14:40:31,false,Table Tennis,0,827,02:17:47,141,171,3.6,13,234,--,--,--,--,0,0,0,--,--,--,--,0,0,0,2:17:47,0:00,29,0:00,No,00:00.00,1,0
Running,2019-12-29 22:20:02,false,West Coast,4.01,236,00:23:13,169,188,3.8,155,163,5:47,5:17,5,7,1.12,0,0,--,--,--,--,0,0,0,23:13,0:00,29,0:00,No,00:02.59,5,0
Other,2019-12-21 13:53:06,false,Table Tennis,0,730,02:01:48,138,186,3.5,9,245,--,--,--,--,0,0,0,--,--,--,--,0,0,0,2:01:48,0:00,25,0:00,No,00:00.00,1,0
Running,2019-12-19 18:49:06,false,Tanglin to Home,7.34,466,00:46:12,172,187,4.9,152,181,6:18,4:56,63,49,1.04,0,0,--,--,--,--,0,0,0,46:12,0:00,28,0:00,No,02:08.17,8,0
Other,2019-12-14 14:40:56,false,Table Tennis,0,779,02:20:28,124,174,3,7,159,--,--,--,--,0,0,0,--,--,--,--,0,0,0,2:20:28,0:00,24,0:00,No,00:00.00,1,0
Other,2019-12-10 20:02:17,false,Table Tennis,0,794,02:11:00,140,177,3.2,11,235,--,--,--,--,0,0,0,--,--,--,--,0,0,0,2:11:00,0:00,25,0:00,No,00:00.00,1,0
Running,2019-12-05 18:40:56,false,Tanglin to Home,7.29,429,00:44:18,171,188,5,154,165,6:05,4:59,60,49,1.07,0,0,--,--,--,--,0,0,0,44:18,0:00,28,0:00,No,01:44.65,8,0
Other,2019-12-01 20:01:47,false,Table Tennis,0,695,01:45:30,146,167,3.3,10,226,--,--,--,--,0,0,0,--,--,--,--,0,0,0,1:45:30,0:00,27,0:00,No,00:00.00,1,0
Running,2019-11-28 18:40:51,false,Tanglin to Home,7.52,449,00:47:31,169,190,4.8,152,163,6:19,4:44,64,51,1.04,0,0,--,--,--,--,0,0,0,47:31,0:00,28,0:00,No,03:18.21,8,0
Other,2019-11-26 19:59:26,false,Table Tennis,0,762,01:56:44,141,196,3.6,11,187,--,--,--,--,0,0,0,--,--,--,--,0,0,0,1:56:44,0:00,26,0:00,No,00:00.00,1,0
Running,2019-11-25 23:15:58,false,West Coast,4.01,217,00:23:43,169,188,3.6,152,162,5:55,5:15,9,9,1.11,9.4,10.6,289,50.2% L / 49.8% R,--,--,0,0,0,23:43,0:00,28,0:00,No,00:02.86,5,0
Other,2019-11-20 20:03:22,false,Table Tennis,0,908,02:00:06,157,182,4.8,10,154,--,--,--,--,0,0,0,--,--,--,--,0,0,0,2:00:06,0:00,27,0:00,No,00:00.00,1,0
Other,2019-11-17 19:41:52,false,Table Tennis,0,908,02:00:35,162,185,5,8,160,--,--,--,--,0,0,0,--,--,--,--,0,0,0,2:00:35,0:00,28,0:00,No,00:00.00,1,0
Other,2019-11-05 20:07:59,false,Table Tennis,0,507,01:38:55,120,171,3.3,8,210,--,--,--,--,0,0,0,--,--,--,--,0,0,0,1:38:55,0:00,27,0:00,No,00:00.00,1,0
Running,2019-11-04 00:08:38,false,West Coast,3.51,182,00:20:20,168,186,3.3,152,157,5:48,5:15,16,13,1.08,9.4,10.4,295,50.6% L / 49.4% R,--,--,0,0,0,20:20,0:00,29,0:00,No,02:56.02,4,0
Other,2019-11-01 16:17:09,false,Table Tennis,0,839,01:43:45,161,194,5,9,158,--,--,--,--,0,0,0,--,--,--,--,0,0,0,1:43:45,0:00,31,0:00,No,00:00.00,1,0
Other,2019-10-24 09:48:33,false,Table Tennis,0,648,01:52:47,136,163,2.5,8,202,--,--,--,--,0,0,0,--,--,--,--,0,0,0,1:52:47,0:00,26,0:00,No,00:00.00,1,0
Other,2019-10-20 20:09:54,false,Table Tennis,0,710,01:51:55,141,170,2.7,8,245,--,--,--,--,0,0,0,--,--,--,--,0,0,0,1:51:55,0:00,25,0:00,No,00:00.00,1,0
Running,2019-10-19 22:16:03,false,West Coast,10.01,549,01:08:44,168,186,3.7,154,196,6:52,3:47,21,21,0.93,10.1,9.6,300,50.4% L / 49.6% R,--,--,0,0,0,1:08:44,0:00,29,0:00,No,00:02.20,11,0
Running,2019-10-16 23:19:36,false,West Coast,7.01,369,00:45:30,163,196,3.7,154,177,6:29,3:47,19,13,0.97,10.2,10,301,50.0% L / 50.0% R,--,--,0,0,0,45:30,0:00,29,0:00,No,00:01.88,8,0
Other,2019-10-13 19:35:24,false,Table Tennis,0,708,02:23:21,128,170,2.7,15,159,--,--,--,--,0,0,0,--,--,--,--,0,0,0,2:23:21,0:00,25,0:00,No,00:00.00,1,0
Running,2019-10-12 22:39:54,false,West Coast,7.01,367,00:48:37,160,175,3.1,151,156,6:56,5:38,14,14,0.93,10.4,9.8,307,50.1% L / 49.9% R,--,--,0,0,0,48:37,0:00,29,0:00,No,00:03.64,8,0
Running,2019-10-11 00:56:36,false,West Coast,8.01,410,00:52:47,158,179,3.5,154,175,6:35,5:05,23,19,0.95,10.2,9.8,297,49.5% L / 50.5% R,--,--,0,0,0,52:47,0:00,27,0:00,No,00:02.74,9,0
Running,2019-10-09 01:16:37,false,West Coast,7.01,372,00:45:50,162,189,3.7,153,177,6:32,4:41,22,13,0.96,10.2,9.9,296,49.9% L / 50.1% R,--,--,0,0,0,45:50,0:00,28,0:00,No,00:02.14,8,0
Other,2019-10-06 20:03:07,false,Table Tennis,0,599,01:56:17,132,166,2.5,7,245,--,--,--,--,0,0,0,--,--,--,--,0,0,0,1:56:17,0:00,25,0:00,No,00:00.00,1,0
Running,2019-10-06 00:38:46,false,West Coast,4.51,234,00:24:31,176,194,3.8,160,167,5:26,4:29,13,9,1.08,8.8,9.7,277,49.8% L / 50.2% R,--,--,0,0,0,24:31,0:00,27,0:00,No,02:43.46,5,0
Other,2019-10-02 17:18:55,false,Table Tennis,0,245,00:47:54,121,154,2,16,226,--,--,--,--,0,0,0,--,--,--,--,0,0,0,47:54,0:00,24,0:00,No,00:00.00,1,0
Running,2019-10-01 00:17:29,false,West Coast,12.01,631,01:19:58,161,187,3.8,153,183,6:40,4:27,34,21,0.96,10.4,10.2,292,50.0% L / 50.0% R,--,--,0,0,0,1:19:58,0:00,27,0:00,No,00:01.80,13,0
Other,2019-09-29 20:04:26,false,Table Tennis,0,486,01:55:21,117,152,1.5,7,203,--,--,--,--,0,0,0,--,--,--,--,0,0,0,1:55:21,0:00,24,0:00,No,00:00.00,1,0
Running,2019-09-27 00:13:36,false,West Coast,8.01,433,00:53:12,163,190,3.5,152,202,6:39,4:31,19,22,0.96,10.5,10.3,300,50.1% L / 49.9% R,--,--,0,0,0,53:12,0:00,29,0:00,No,00:02.48,9,0
Running,2019-09-24 23:57:54,false,West Coast,7.01,406,00:47:02,170,185,3.6,152,159,6:43,5:03,22,17,0.95,10.1,9.8,305,49.8% L / 50.2% R,--,--,0,0,0,47:02,0:00,28,0:00,No,00:02.99,8,0
Other,2019-09-22 13:30:06,false,Table Tennis,0,796,02:03:01,142,160,2.5,8,168,--,--,--,--,0,0,0,--,--,--,--,0,0,0,2:03:01,0:00,24,0:00,No,00:00.00,1,0
Running,2019-09-17 07:04:01,false,West Coast,5.02,266,00:26:31,174,192,3.8,159,165,5:17,4:50,3,6,1.14,8.6,10,270,49.2% L / 50.8% R,--,--,0,0,0,26:31,0:00,28,0:00,No,00:04.93,6,0
Other,2019-09-15 15:03:03,false,Table Tennis,0,426,01:48:14,109,157,1.1,8,159,--,--,--,--,0,0,0,--,--,--,--,0,0,0,1:48:14,0:00,22,0:00,No,00:00.00,1,0
Other,2019-09-14 13:55:09,false,Table Tennis,0,579,02:01:18,124,154,2,8,160,--,--,--,--,0,0,0,--,--,--,--,0,0,0,2:01:18,0:00,23,0:00,No,00:00.00,1,0
Running,2019-09-12 00:08:49,false,West Coast,12,636,01:22:12,156,170,3,157,171,6:51,5:38,34,30,0.91,9.6,8.9,300,50.0% L / 50.0% R,--,--,0,0,0,1:22:12,0:00,29,0:00,No,00:01.85,13,0
Running,2019-09-10 00:44:30,false,West Coast,6.01,324,00:34:32,166,186,3.7,157,208,5:45,4:50,26,23,1.07,9.4,10.3,274,50.3% L / 49.7% R,--,--,0,0,0,34:32,0:00,29,0:00,No,00:02.12,7,0
Other,2019-09-07 14:30:39,false,Table Tennis,0,354,01:39:10,107,143,0.8,10,226,--,--,--,--,0,0,0,--,--,--,--,0,0,0,1:39:10,0:00,22,0:00,No,00:00.00,1,0
Running,2019-09-07 00:43:27,false,West Coast,12.01,631,01:23:21,155,169,3,157,171,6:56,5:33,41,26,0.89,10,9,302,50.0% L / 50.0% R,--,--,0,0,0,1:23:21,0:00,29,0:00,No,00:04.56,13,0
Running,2019-09-05 07:46:32,false,West Coast,3.01,155,00:17:46,155,175,2.6,160,170,5:54,5:19,6,7,1.01,8.8,9,294,50.1% L / 49.9% R,--,--,0,0,0,17:46,0:00,29,0:00,No,00:02.02,4,0
Running,2019-09-04 00:39:39,false,West Coast,5.01,258,00:29:27,158,183,3.2,156,166,5:53,4:31,11,5,1.05,9.4,9.9,281,49.6% L / 50.4% R,--,--,0,0,0,29:27,0:00,29,0:00,No,00:03.41,6,0
Other,2019-09-02 20:06:28,false,Table Tennis,0,491,01:50:32,119,144,1,10,235,--,--,--,--,0,0,0,--,--,--,--,0,0,0,1:50:32,0:00,25,0:00,No,00:00.00,1,0
Other,2019-09-01 09:28:11,false,Table Tennis,0,483,01:47:20,123,156,2,8,210,--,--,--,--,0,0,0,--,--,--,--,0,0,0,1:47:20,0:00,23,0:00,No,00:00.00,1,0
Running,2019-08-31 21:32:49,false,Bishan-Ang Mo Kio Park,11.25,583,01:17:38,151,164,2.9,155,160,6:54,5:52,21,22,0.93,0,0,--,--,--,--,0,0,0,1:17:38,0:00,30,0:00,No,01:43.24,12,0
Running,2019-08-29 23:27:49,false,West Coast,6.01,310,00:38:57,156,170,3,153,160,6:29,5:30,14,15,0.97,10.1,9.9,296,49.7% L / 50.3% R,--,--,0,0,0,38:57,0:00,29,0:00,No,00:01.70,7,0
Other,2019-08-28 19:39:31,false,Table Tennis,0,668,02:03:16,128,170,3.1,11,244,--,--,--,--,0,0,0,--,--,--,--,0,0,0,2:03:16,0:00,24,0:00,No,00:00.00,1,0
Running,2019-08-26 23:59:37,false,West Coast,6.01,304,00:35:32,157,169,3.3,157,177,5:55,5:12,18,14,1.04,9.4,10,281,49.8% L / 50.2% R,--,--,0,0,0,35:32,0:00,28,0:00,No,00:03.23,7,0
Other,2019-08-25 20:14:25,false,Table Tennis,0,448,01:51:39,117,161,1.9,13,157,--,--,--,--,0,0,0,--,--,--,--,0,0,0,1:51:39,0:00,23,0:00,No,00:00.00,1,0
Running,2019-08-24 00:49:02,false,West Coast,7.01,360,00:48:43,152,168,2.7,156,164,6:57,6:15,20,15,0.89,9.7,8.8,307,49.8% L / 50.2% R,--,--,0,0,0,48:43,0:00,29,0:00,No,00:02.71,8,0
Running,2019-08-23 02:26:12,false,West Coast,3.31,174,00:18:51,166,192,3.2,155,197,5:42,4:27,9,16,1.08,9.8,10.6,274,49.1% L / 50.9% R,--,--,0,0,0,18:51,0:00,29,0:00,No,01:30.50,4,0
Other,2019-08-20 20:12:53,false,Table Tennis,0,760,01:48:52,146,167,3,9,158,--,--,--,--,0,0,0,--,--,--,--,0,0,0,1:48:52,0:00,31,0:00,No,00:00.00,1,0
Running,2019-08-20 00:03:36,false,West Coast,10.01,530,01:10:02,157,173,2.9,153,162,7:00,5:57,24,21,0.9,10.7,9.8,304,49.8% L / 50.2% R,--,--,0,0,0,1:10:02,0:00,29,0:00,No,00:03.84,11,0
Other,2019-08-18 08:00:23,false,Table Tennis,0,--,02:00:00,--,--,--,--,--,--,--,--,--,0,0,0,--,--,--,--,0,0,0,2:00:00,0:00,0,0:00,No,00:00.00,1,0
Running,2019-08-17 21:21:54,false,Bishan-Ang Mo Kio Park,4.15,249,00:28:28,152,162,3.1,153,159,6:52,6:07,6,10,0.95,0,0,--,--,--,--,0,0,0,28:28,0:00,30,0:00,No,01:01.74,5,0
Running,2019-08-16 07:51:16,false,West Coast,5.01,255,00:31:36,158,183,3,161,169,6:18,4:57,10,9,0.93,9.1,8.6,296,49.5% L / 50.5% R,--,--,0,0,0,31:36,0:00,29,0:00,No,00:02.81,6,0
Running,2019-08-13 23:48:48,false,West Coast,8.15,415,00:56:18,155,169,2.7,154,178,6:54,5:37,21,19,0.9,10.4,9.5,302,49.3% L / 50.7% R,--,--,0,0,0,56:18,0:00,30,0:00,No,00:58.27,9,0
Other,2019-08-11 17:13:00,false,Table Tennis,0,616,01:51:11,134,171,2.9,11,222,--,--,--,--,0,0,0,--,--,--,--,0,0,0,1:51:11,0:00,24,0:00,No,00:00.00,1,0
Running,2019-08-10 23:13:08,false,West Coast,5,256,00:31:34,159,181,3.1,156,165,6:19,5:06,8,9,0.97,9.6,9.4,293,49.2% L / 50.8% R,--,--,0,0,0,31:34,0:00,28,0:00,No,00:01.59,6,0
Running,2019-08-09 22:05:22,false,West Coast,7.01,355,00:49:52,151,165,2.4,156,166,7:07,5:54,13,18,0.87,10,8.8,308,50.2% L / 49.8% R,--,--,0,0,0,49:52,0:00,29,0:00,No,00:01.58,8,0
Other,2019-08-08 19:21:01,false,Table Tennis,0,910,02:36:43,138,172,2.9,12,231,--,--,--,--,0,0,0,--,--,--,--,0,0,0,2:36:43,0:00,25,0:00,No,00:00.00,1,0
Other,2019-08-07 17:51:37,false,Table Tennis,0,880,02:07:03,151,187,3.3,11,191,--,--,--,--,0,0,0,--,--,--,--,0,0,0,2:07:03,0:00,30,0:00,No,00:00.00,1,0
Running,2019-08-07 00:33:33,false,West Coast,7,374,00:45:30,160,176,3.2,154,163,6:30,5:19,19,17,0.96,9.9,9.6,300,49.4% L / 50.6% R,--,--,0,0,0,45:30,0:00,28,0:00,No,00:01.44,8,0
Other,2019-08-04 12:27:06,false,Table Tennis,0,619,01:34:23,147,183,3.5,8,163,--,--,--,--,0,0,0,--,--,--,--,0,0,0,1:34:23,0:00,31,0:00,No,00:00.00,1,0
Running,2019-08-02 20:32:17,false,West Coast,2.15,111,00:11:42,166,180,2.7,154,168,5:27,4:50,8,8,1.13,8.9,10.4,280,49.7% L / 50.3% R,--,--,0,0,0,11:42,0:00,30,0:00,No,00:51.24,3,0
Other,2019-08-01 19:51:08,false,Table Tennis,0,821,01:48:15,153,175,3.7,11,163,--,--,--,--,0,0,0,--,--,--,--,0,0,0,1:48:15,0:00,29,0:00,No,00:00.00,1,0
Running,2019-07-31 23:43:27,false,West Coast,8.01,421,00:52:05,161,176,3.2,154,161,6:30,5:18,23,21,0.96,9.9,9.6,300,50.0% L / 50.0% R,--,--,0,0,0,52:05,0:00,28,0:00,No,00:01.69,9,0
Running,2019-07-30 01:18:03,false,West Coast,6.01,328,00:36:01,167,185,3.7,153,159,6:00,4:51,18,14,1.06,9.5,10.2,296,49.4% L / 50.6% R,--,--,0,0,0,36:01,0:00,29,0:00,No,00:01.73,7,0
Other,2019-07-27 19:48:50,false,Table Tennis,0,571,01:55:13,126,155,1.9,10,160,--,--,--,--,0,0,0,--,--,--,--,0,0,0,1:55:13,0:00,24,0:00,No,00:00.00,1,0
Other,2019-07-26 19:13:02,false,Table Tennis,0,576,02:42:33,105,169,2.9,7,235,--,--,--,--,0,0,0,--,--,--,--,0,0,0,2:42:33,0:00,23,0:00,No,00:00.00,1,0
Running,2019-07-26 00:12:28,false,West Coast,5,282,00:27:24,180,196,4.2,159,170,5:29,4:55,22,26,1.08,8.7,9.7,280,49.4% L / 50.6% R,--,--,0,0,0,27:24,0:00,29,0:00,No,00:01.01,6,0
Running,2019-07-23 00:09:45,false,West Coast,5.01,265,00:29:46,162,183,3.4,157,183,5:57,5:29,8,10,1.03,9.1,9.6,295,49.8% L / 50.2% R,--,--,0,0,0,29:46,0:00,29,0:00,No,00:01.65,6,0
Other,2019-07-21 20:05:53,false,Table Tennis,0,567,01:42:49,128,168,2.6,10,189,--,--,--,--,0,0,0,--,--,--,--,0,0,0,1:42:49,0:00,25,0:00,No,00:00.00,1,0
Other,2019-07-14 10:45:26,false,Table Tennis,0,482,01:12:35,139,170,2.7,9,159,--,--,--,--,0,0,0,--,--,--,--,0,0,0,1:12:35,0:00,24,0:00,No,00:00.00,1,0
Running,2019-07-14 00:34:08,false,West Coast,3.01,151,00:14:54,174,193,3.3,161,166,4:57,4:36,13,12,1.17,8.3,9.9,265,49.8% L / 50.2% R,--,--,0,0,0,14:54,0:00,29,0:00,No,00:01.12,4,0
Running,2019-07-11 22:45:36,false,West Coast,5,265,00:28:09,170,191,3.9,155,160,5:38,4:54,9,8,1.09,9.2,10.3,277,49.9% L / 50.1% R,--,--,0,0,0,28:09,0:00,29,0:00,No,00:01.27,6,0
Other,2019-07-10 19:49:10,false,Table Tennis,0,608,02:04:10,123,151,2.1,9,215,--,--,--,--,0,0,0,--,--,--,--,0,0,0,2:04:10,0:00,25,0:00,No,00:00.00,1,0
Other,2019-07-07 19:48:38,false,Table Tennis,0,559,01:33:02,133,160,2.7,13,184,--,--,--,--,0,0,0,--,--,--,--,0,0,0,1:33:02,0:00,25,0:00,No,00:00.00,1,0
Running,2019-07-06 23:29:46,false,West Coast,5.01,271,00:29:01,170,191,3.8,156,162,5:47,5:17,9,9,1.04,9.2,9.8,284,49.8% L / 50.2% R,--,--,0,0,0,29:01,0:00,29,0:00,No,00:00.47,6,0
Other,2019-07-05 16:34:08,false,Table Tennis,0,625,01:30:06,146,186,3.1,15,244,--,--,--,--,0,0,0,--,--,--,--,0,0,0,1:30:06,0:00,32,0:00,No,00:00.00,1,0
Running,2019-07-04 00:30:17,false,West Coast,2.21,107,00:12:16,157,180,2.5,156,161,5:33,4:59,9,10,1.09,8.8,9.8,284,49.8% L / 50.2% R,--,--,0,0,0,12:16,0:00,29,0:00,No,01:08.79,3,0
Other,2019-07-02 12:11:00,false,Table Tennis,0,546,01:35:52,133,151,2.3,11,157,--,--,--,--,0,0,0,--,--,--,--,0,0,0,1:35:52,0:00,27,0:00,No,00:00.00,1,0
Other,2019-06-30 19:50:48,false,Table Tennis,0,594,01:56:48,126,170,2,9,184,--,--,--,--,0,0,0,--,--,--,--,0,0,0,1:56:48,0:00,25,0:00,No,00:00.00,1,0
Other,2019-06-29 21:09:34,false,Table Tennis,0,321,00:52:08,128,155,2.3,15,189,--,--,--,--,0,0,0,--,--,--,--,0,0,0,52:08,0:00,29,0:00,No,00:00.00,1,0
Running,2019-06-27 23:20:06,false,West Coast,4.7,243,00:27:37,162,189,3.3,156,182,5:52,4:11,7,7,1.04,9.2,9.7,288,49.7% L / 50.3% R,--,--,0,0,0,27:37,0:00,29,0:00,No,03:43.100,5,0
Other,2019-06-26 12:50:18,false,Table Tennis,0,568,02:07:58,121,146,1.2,9,199,--,--,--,--,0,0,0,--,--,--,--,0,0,0,2:07:58,0:00,25,0:00,No,00:00.00,1,0
Other,2019-06-24 14:00:51,false,Table Tennis,0,785,02:35:10,130,156,2.2,10,221,--,--,--,--,0,0,0,--,--,--,--,0,0,0,2:35:10,0:00,25,0:00,No,00:00.00,1,0
Indoor Running,2019-06-22 08:35:34,false,Maju Camp,2.44,107,00:11:39,158,168,2.4,165,178,4:46,4:12,--,--,1.27,0,0,--,--,--,--,0,0,0,11:39,0:00,27,0:00,No,02:05.10,3,0
Running,2019-06-20 22:57:24,false,West Coast,2.4,126,00:14:23,158,174,2.4,156,160,5:59,5:32,9,10,1.02,8.9,9.2,297,50.0% L / 50.0% R,--,--,0,0,0,14:23,0:00,30,0:00,No,02:24.00,3,0
Other,2019-06-18 19:44:59,false,Table Tennis,0,626,02:06:50,130,187,2.2,10,159,--,--,--,--,0,0,0,--,--,--,--,0,0,0,2:06:50,0:00,25,0:00,No,00:00.00,1,0
Other,2019-06-16 19:38:04,false,Table Tennis,0,662,01:57:07,136,167,2.8,12,244,--,--,--,--,0,0,0,--,--,--,--,0,0,0,1:57:07,0:00,26,0:00,No,00:00.00,1,0
Running,2019-06-15 22:03:51,false,West Coast,3.7,187,00:20:40,162,185,3.1,159,166,5:35,4:41,9,9,1.06,8.7,9.4,287,49.7% L / 50.3% R,--,--,0,0,0,20:40,0:00,29,0:00,No,03:32.86,4,0
Other,2019-06-13 14:09:17,false,Table Tennis,0,595,01:57:27,129,178,2.5,13,232,--,--,--,--,0,0,0,--,--,--,--,0,0,0,1:57:27,0:00,24,0:00,No,00:00.00,1,0
Other,2019-06-10 19:48:43,false,Table Tennis,0,637,02:08:20,128,176,2.9,9,235,--,--,--,--,0,0,0,--,--,--,--,0,0,0,2:08:20,0:00,26,0:00,No,00:00.00,1,0
Running,2019-06-10 00:07:24,false,West Coast,4.01,213,00:23:39,165,178,3,158,165,5:54,5:27,9,7,1.02,8.9,9.2,288,49.7% L / 50.3% R,--,--,0,0,0,23:39,0:00,30,0:00,No,00:01.32,5,0
Running,2019-06-08 23:13:19,false,West Coast,2.01,90,00:09:23.9,169,189,2.5,167,174,4:41,4:04,9,9,1.28,0,0,--,--,--,--,0,0,0,9:23.9,0:00,28,0:00,No,00:00.87,3,0
Running,2019-06-07 10:09:44,false,West Coast,2.01,92,00:11:09,145,155,2.1,161,167,5:34,5:00,8,10,1.12,0,0,--,--,--,--,0,0,0,11:09,0:00,29,0:00,No,00:01.69,3,0
Other,2019-06-06 14:19:05,false,Table Tennis,0,596,01:42:05,130,176,3.2,12,245,--,--,--,--,0,0,0,--,--,--,--,0,0,0,1:42:05,0:00,24,0:00,No,00:00.00,1,0
Other,2019-06-04 19:38:19,false,Table Tennis,0,621,02:05:20,130,151,2,9,157,--,--,--,--,0,0,0,--,--,--,--,0,0,0,2:05:20,0:00,26,0:00,No,00:00.00,1,0
Running,2019-06-04 00:36:29,false,West Coast,4.01,207,00:23:54,159,179,3.1,156,162,5:58,5:27,10,6,1.07,0,0,--,--,--,--,0,0,0,23:54,0:00,28,0:00,No,00:01.65,5,0
Other,2019-06-03 14:09:57,false,Table Tennis,0,515,01:53:28,128,178,3.2,14,226,--,--,--,--,0,0,0,--,--,--,--,0,0,0,1:53:28,0:00,25,0:00,No,00:00.89,4,0
Other,2019-06-02 20:11:31,false,Table Tennis,0,526,01:42:45,129,158,2.3,10,155,--,--,--,--,0,0,0,--,--,--,--,0,0,0,1:42:45,0:00,25,0:00,No,00:00.00,1,0
Other,2019-05-31 20:10:23,false,Table Tennis,0,711,01:51:26,143,170,3.1,12,226,--,--,--,--,0,0,0,--,--,--,--,0,0,0,1:51:26,0:00,26,0:00,No,00:00.00,1,0
Running,2019-05-30 22:24:11,false,West Coast,6.01,319,00:36:06,167,185,3.5,156,183,6:00,4:27,13,14,1.03,9.5,9.9,291,49.6% L / 50.4% R,--,--,0,0,0,36:06,0:00,29,0:00,No,00:02.23,7,0
Other,2019-05-29 19:31:38,false,Table Tennis,0,588,01:48:39,133,156,2.1,8,245,--,--,--,--,0,0,0,--,--,--,--,0,0,0,1:48:39,0:00,25,0:00,No,00:00.00,1,0
Running,2019-05-28 23:31:53,false,West Coast,2.01,112,00:13:08,171,177,2.3,155,158,6:33,5:58,4,6,0.95,10.3,10,285,49.5% L / 50.5% R,--,--,0,0,0,13:08,0:00,30,0:00,No,00:01.61,3,0
Running,2019-05-28 23:03:38,false,West Coast,4,209,00:22:25,170,185,3.2,159,172,5:36,4:36,7,8,1.06,8.7,9.4,283,49.6% L / 50.4% R,--,--,0,0,0,22:25,0:00,30,0:00,No,05:29.07,4,0
Other,2019-05-26 21:15:42,false,Table Tennis,0,275,00:45:02,132,169,2.2,11,159,--,--,--,--,0,0,0,--,--,--,--,0,0,0,45:02,0:00,30,0:00,No,00:00.00,1,0
Other,2019-05-25 19:25:41,false,Table Tennis,0,700,02:01:49,138,167,2.6,11,226,--,--,--,--,0,0,0,--,--,--,--,0,0,0,2:01:49,0:00,25,0:00,No,00:00.00,1,0
Running,2019-05-24 23:43:07,false,West Coast,3.3,173,00:18:05,172,189,3.1,160,167,5:29,4:33,14,13,1.08,8.9,9.8,277,50.1% L / 49.9% R,--,--,0,0,0,18:05,0:00,30,0:00,No,01:29.69,4,0
Other,2019-05-23 20:07:43,false,Table Tennis,0,605,01:48:27,129,157,2.2,8,245,--,--,--,--,0,0,0,--,--,--,--,0,0,0,1:48:27,0:00,25,0:00,No,00:00.00,1,0
Running,2019-05-22 08:34:25,false,West Coast Park,1,49,00:04:53.0,178,187,2.1,170,175,4:53,4:33,4,1,1.12,8.3,9.2,264,51.0% L / 49.0% R,--,--,0,0,0,4:53.0,0:00,31,0:00,No,00:01.37,2,0
Running,2019-05-22 08:03:35,false,West Coast,3.5,180,00:18:35,172,187,3.3,162,167,5:19,4:46,--,6,1.1,8.3,9.3,288,50.3% L / 49.7% R,--,--,0,0,0,18:35,0:00,30,0:00,No,02:40.06,4,0
Running,2019-05-20 22:55:32,false,West Coast,4.5,250,00:26:29,171,187,3.6,155,161,5:53,5:07,9,4,1.04,9.4,10.1,290,49.8% L / 50.2% R,--,--,0,0,0,26:29,0:00,28,0:00,No,02:44.36,5,0
Other,2019-05-19 19:38:19,false,Table Tennis,0,699,02:00:23,137,174,2.5,10,210,--,--,--,--,0,0,0,--,--,--,--,0,0,0,2:00:23,0:00,24,0:00,No,00:00.00,1,0
Other,2019-05-18 20:05:43,false,Table Tennis,0,727,01:59:08,140,168,3.2,11,184,--,--,--,--,0,0,0,--,--,--,--,0,0,0,1:59:08,0:00,26,0:00,No,00:00.00,1,0
Running,2019-05-13 21:30:38,false,West Coast,2.01,96,00:10:32,165,183,2.4,162,168,5:14,4:42,8,9,1.11,8.1,9.2,280,49.3% L / 50.7% R,--,--,0,0,0,10:32,0:00,29,0:00,No,00:01.27,3,0
Other,2019-05-11 19:10:57,false,Table Tennis,0,879,02:37:25,135,173,2.8,12,183,--,--,--,--,0,0,0,--,--,--,--,0,0,0,2:37:25,0:00,26,0:00,No,00:00.00,1,0
Other,2019-05-08 20:34:25,false,Table Tennis,0,616,01:27:57,147,194,3,9,159,--,--,--,--,0,0,0,--,--,--,--,0,0,0,1:27:57,0:00,25,0:00,No,00:00.00,1,0
Running,2019-05-06 23:38:46,false,West Coast,5.01,294,00:29:54,174,187,3.8,158,163,5:58,4:57,8,12,1.02,9.2,9.6,293,50.1% L / 49.9% R,--,--,0,0,0,29:54,0:00,29,0:00,No,00:01.72,6,0
Running,2019-05-05 00:14:43,false,West Coast,5.07,286,00:28:50,178,190,3.6,154,256,5:41,4:37,10,13,1.09,8.8,9.8,279,49.8% L / 50.2% R,--,--,0,0,0,28:50,0:00,28,0:00,No,00:02.95,7,0
Running,2019-05-01 23:32:15,false,West Coast Park,1,52,00:05:00.9,179,186,2.1,165,171,4:59,4:39,4,1,1.14,8.8,10.3,250,49.6% L / 50.4% R,--,--,0,0,0,5:00.9,0:00,29,0:00,No,00:01.20,2,0
Running,2019-05-01 23:00:25,false,West Coast,4,215,00:22:01,173,187,3.2,157,164,5:30,4:33,8,7,1.1,9.1,10.2,279,49.5% L / 50.5% R,--,--,0,0,0,22:01,0:00,29,0:00,No,00:01.18,5,0
Running,2019-04-30 00:10:12,false,West Coast,2,98,00:09:54.7,172,187,2.4,160,166,4:57,4:26,9,9,1.18,8.1,9.8,274,48.8% L / 51.2% R,--,--,0,0,0,9:54.7,0:00,28,0:00,No,00:01.14,3,0
Other,2019-04-28 20:05:11,false,Table Tennis,0,753,01:39:02,154,199,3.9,10,159,--,--,--,--,0,0,0,--,--,--,--,0,0,0,1:39:02,0:00,26,0:00,No,00:00.00,1,0
Other,2019-04-27 14:50:45,false,Table Tennis,0,943,02:15:48,149,181,3.5,9,159,--,--,--,--,0,0,0,--,--,--,--,0,0,0,2:15:48,0:00,26,0:00,No,00:00.00,1,0
Running,2019-04-26 00:52:26,false,West Coast,3.25,177,00:18:33,167,189,3,156,160,5:42,4:59,14,12,1.09,8.9,9.9,297,50.4% L / 49.6% R,--,--,0,0,0,18:33,0:00,28,0:00,No,01:21.57,4,0
Running,2019-04-22 23:28:15,false,West Coast Park,2,115,00:10:57,181,190,2.7,160,166,5:28,4:27,11,7,1.11,9,10.1,261,49.2% L / 50.8% R,--,--,0,0,0,10:57,0:00,28,0:00,No,00:00.100,3,0
Running,2019-04-22 23:00:21,false,West Coast,4.01,218,00:23:13,169,182,3.1,153,170,5:48,4:33,5,8,1.08,9.2,10.1,290,49.2% L / 50.8% R,--,--,0,0,0,23:13,0:00,29,0:00,No,00:01.68,5,0
Other,2019-04-21 19:14:01,false,Table Tennis,0,865,02:12:39,142,168,3,11,196,--,--,--,--,0,0,0,--,--,--,--,0,0,0,2:12:39,0:00,26,0:00,No,00:00.00,1,0
Other,2019-04-19 13:09:55,false,Table Tennis,0,799,01:51:12,150,181,3.1,11,238,--,--,--,--,0,0,0,--,--,--,--,0,0,0,1:51:12,0:00,31,0:00,No,00:00.00,1,0
Running,2019-04-18 09:15:18,false,West Coast,2.01,115,00:11:30,176,185,2.8,160,167,5:43,5:04,3,1,1.03,9.5,9.9,280,50.5% L / 49.5% R,--,--,0,0,0,11:30,0:00,31,0:00,No,00:02.02,3,0
Running,2019-04-18 08:33:18,false,West Coast,5,287,00:29:31,172,190,3.4,158,166,5:54,4:35,9,11,1.02,9.1,9.5,296,50.3% L / 49.8% R,--,--,0,0,0,29:31,0:00,30,0:00,No,00:01.35,6,0
Running,2019-04-16 08:58:26,false,West Coast,2.01,122,00:11:43,181,187,2.9,158,164,5:51,5:00,3,--,1.02,9.9,10.2,269,49.4% L / 50.6% R,--,--,0,0,0,11:43,0:00,30,0:00,No,00:01.51,3,0
Running,2019-04-16 08:34:26,false,West Coast,3,163,00:16:18,171,189,3,160,233,5:26,4:54,4,7,1.08,8.9,9.7,286,50.2% L / 49.8% R,--,--,0,0,0,16:18,0:00,30,0:00,No,00:00.76,4,0
Other,2019-04-14 17:01:56,false,Table Tennis,0,688,01:51:46,134,173,2.3,7,226,--,--,--,--,0,0,0,--,--,--,--,0,0,0,1:51:46,0:00,25,0:00,No,00:00.00,1,0
Running,2019-04-13 23:01:12,false,West Coast,2.22,122,00:12:12,168,184,2.7,157,161,5:30,4:55,6,8,1.08,9,9.9,288,50.4% L / 49.6% R,--,--,0,0,0,12:12,0:00,29,0:00,No,01:12.47,3,0
Running,2019-04-10 08:59:05,false,West Coast Park,1,56,00:05:03.3,189,198,2.3,163,168,5:02,4:40,3,1,1.11,9,10.1,263,49.6% L / 50.4% R,--,--,0,0,0,5:03.3,0:00,30,0:00,No,00:01.25,2,0
Running,2019-04-10 08:34:41,false,West Coast,3.01,164,00:16:17,173,195,3.2,158,164,5:25,4:50,8,5,1.08,8.9,9.8,290,50.0% L / 50.0% R,--,--,0,0,0,16:17,0:00,29,0:00,No,00:01.63,4,0
Other,2019-04-07 19:41:02,false,Table Tennis,0,755,01:52:42,149,185,3.4,10,155,--,--,--,--,0,0,0,--,--,--,--,0,0,0,1:52:42,0:00,26,0:00,No,00:00.00,1,0
Running,2019-04-06 22:34:58,false,West Coast,4.01,233,00:23:40,172,191,3.6,154,167,5:54,5:12,3,5,1.04,9.4,9.9,300,49.5% L / 50.5% R,--,--,0,0,0,23:40,0:00,29,0:00,No,00:01.40,5,0
Other,2019-04-03 19:43:50,false,Table Tennis,0,828,01:48:56,148,172,3.3,10,183,--,--,--,--,0,0,0,--,--,--,--,0,0,0,1:48:56,0:00,26,0:00,No,00:00.00,1,0
Running,2019-04-02 08:30:13,false,West Coast,3.02,176,00:16:48,176,194,3.7,158,166,5:34,4:58,5,7,1.05,9.1,9.5,291,50.0% L / 50.0% R,--,--,0,0,0,16:48,0:00,28,0:00,No,00:03.84,4,0
Other,2019-03-31 21:03:23,false,Table Tennis,0,534,00:59:29,153,182,4,16,215,--,--,--,--,0,0,0,--,--,--,--,0,0,0,59:29,0:00,30,0:00,No,00:00.00,1,0
Other,2019-03-30 19:22:08,false,Table Tennis,0,850,01:58:29,144,184,3.9,8,189,--,--,--,--,0,0,0,--,--,--,--,0,0,0,1:58:29,0:00,28,0:00,No,00:00.00,1,0
Running,2019-03-25 08:12:47,false,West Coast Park,5.01,312,00:29:28,178,198,4.4,165,178,5:53,4:49,8,13,0.99,8.7,8.8,290,49.6% L / 50.4% R,--,--,0,0,0,29:28,0:00,29,0:00,No,00:01.11,6,0
Running,2019-03-24 07:59:18,false,West Coast,2.41,142,00:12:58,179,198,3.3,165,175,5:23,4:42,18,19,1.07,8.3,9.1,284,49.9% L / 50.1% R,--,--,0,0,0,12:58,0:00,28,0:00,No,02:07.61,3,0
Other,2019-03-07 20:08:03,false,Table Tennis,0,557,01:50:03,126,164,2.8,8,245,--,--,--,--,0,0,0,--,--,--,--,0,0,0,1:50:03,0:00,25,0:00,No,00:00.00,1,0
Other,2019-03-04 20:04:06,false,Table Tennis,0,747,01:56:35,137,165,2.6,12,159,--,--,--,--,0,0,0,--,--,--,--,0,0,0,1:56:35,0:00,25,0:00,No,00:00.00,1,0
Running,2019-03-03 21:56:38,false,West Coast Park,5.01,281,00:27:32,175,189,3.7,165,171,5:30,4:38,7,11,1.05,8.2,8.8,282,50.3% L / 49.8% R,--,--,0,0,0,27:32,0:00,27,0:00,No,00:04.08,6,0
Other,2019-02-28 20:11:52,false,Table Tennis,0,829,02:10:10,144,183,3.6,8,157,--,--,--,--,0,0,0,--,--,--,--,0,0,0,2:10:10,0:00,29,0:00,No,00:00.00,1,0
Running,2019-02-26 23:02:53,false,Kent Ridge,4.01,255,00:23:56,180,197,3.8,155,163,5:58,4:42,22,24,1.06,8.8,9.5,291,49.9% L / 50.1% R,--,--,0,0,0,23:56,0:00,28,0:00,No,05:23.51,5,0
Running,2019-02-24 23:12:11,false,West Coast Park,6,374,00:35:17,179,194,4.4,159,186,5:53,4:47,10,11,1.03,8.9,9.4,288,50.3% L / 49.7% R,--,--,0,0,0,35:17,0:00,28,0:00,No,05:38.82,7,0
Other,2019-02-22 21:02:34,false,Table Tennis,0,400,00:58:05,135,167,3,9,159,--,--,--,--,0,0,0,--,--,--,--,0,0,0,58:05,0:00,25,0:00,No,00:00.00,1,0
Running,2019-02-20 22:28:17,false,Kent Ridge,4.21,279,00:25:09,182,196,4.2,159,167,5:58,4:58,22,25,1.03,9.1,9.5,293,50.0% L / 50.0% R,--,--,0,0,0,25:09,0:00,28,0:00,No,05:53.03,5,0
Other,2019-02-18 20:08:31,false,Table Tennis,0,561,01:53:12,113,183,3.4,10,203,--,--,--,--,0,0,0,--,--,--,--,0,0,0,1:53:12,0:00,25,0:00,No,00:00.00,1,0
Running,2019-02-14 09:03:18,false,Kent Ridge,3,197,00:16:51,184,199,3.5,165,174,5:37,4:50,20,37,1.05,8.2,8.7,286,50.4% L / 49.6% R,--,--,0,0,0,16:51,0:00,28,0:00,No,05:33.87,4,0
Running,2019-02-08 08:28:50,false,West Coast,2.25,136,00:12:17,175,196,2.8,164,171,5:28,4:57,9,9,1.03,8.2,8.6,297,49.3% L / 50.7% R,--,--,0,0,0,12:17,0:00,29,0:00,No,05:24.45,3,0
Other,2019-02-04 10:21:46,false,Table Tennis,0,281,00:23:20,182,192,3.8,14,154,--,--,--,--,0,0,0,--,--,--,--,0,0,0,23:20,0:00,30,0:00,No,00:00.00,1,0
Other,2019-02-04 09:06:16,false,Table Tennis,0,394,00:50:41,138,161,2.4,12,217,--,--,--,--,0,0,0,--,--,--,--,0,0,0,50:41,0:00,28,0:00,No,00:00.00,1,0
Other,2019-02-03 19:56:54,false,Table Tennis,0,680,01:39:29,134,171,3.3,8,159,--,--,--,--,0,0,0,--,--,--,--,0,0,0,1:39:29,0:00,25,0:00,No,00:00.00,1,0
Running,2019-01-22 18:21:14,false,Marina Bay to Home,11.01,932,01:20:08,180,196,5,140,210,7:17,4:39,47,49,0.99,0,0,--,--,--,--,0,0,0,1:20:08,0:00,29,0:00,No,00:00.00,12,0
Running,2019-01-18 17:55:22,false,Marina Bay,6.02,440,00:34:55,185,200,5,166,172,5:48,4:58,19,25,1.04,0,0,--,--,--,--,0,0,0,34:55,0:00,28,0:00,No,00:00.00,7,0
Other,2019-01-15 19:41:16,false,Table Tennis,0,963,01:50:48,159,200,4.4,9,159,--,--,--,--,0,0,0,--,--,--,--,0,0,0,1:50:48,0:00,27,0:00,No,00:00.00,1,0
Running,2019-01-14 18:16:53,false,Marina Bay,3.02,196,00:17:56,163,196,3.1,165,174,5:56,5:05,18,23,1.02,0,0,--,--,--,--,0,0,0,17:56,0:00,30,0:00,No,00:00.00,4,0
Other,2019-01-13 21:08:10,false,Table Tennis,0,579,00:54:01,161,185,4.4,14,159,--,--,--,--,0,0,0,--,--,--,--,0,0,0,54:01,0:00,29,0:00,No,00:00.00,1,0
Other,2019-01-03 20:59:02,false,Table Tennis,0,750,01:05:38,173,191,5,12,189,--,--,--,--,0,0,0,--,--,--,--,0,0,0,1:05:38,0:00,30,0:00,No,00:00.00,1,0
Other,2018-12-23 14:04:59,false,Badminton,0,785,01:55:55,147,192,4.2,5,244,--,--,--,--,0,0,0,--,--,--,--,0,0,0,1:55:55,0:00,29,0:00,No,00:00.00,1,0
Other,2018-12-17 19:21:05,false,Table Tennis,0,1156,02:09:19,156,182,4.6,9,245,--,--,--,--,0,0,0,--,--,--,--,0,0,0,2:09:19,0:00,25,0:00,No,00:00.00,1,0
Other,2018-12-02 15:10:32,false,Table Tennis,0,434,00:51:05,143,174,3.3,12,200,--,--,--,--,0,0,0,--,--,--,--,0,0,0,51:05,0:00,30,0:00,No,00:00.00,1,0
Running,2018-11-29 18:54:48,false,Singapore Run,0.53,33,00:02:47.6,185,193,1.7,166,168,5:16,4:57,--,--,1.14,0,0,--,--,--,--,0,0,0,2:47.6,0:00,30,0:00,No,00:00.00,1,0
Running,2018-11-29 18:33:53,false,Marina Bay,3.19,207,00:19:59,163,192,3.1,162,178,6:16,4:48,10,14,0.98,0,0,--,--,--,--,0,0,0,19:59,0:00,29,0:00,No,00:00.00,4,0
Running,2018-11-20 18:12:59,false,Marina Bay,5.89,419,00:34:31,179,198,4.7,164,174,5:52,4:41,11,18,1.04,0,0,--,--,--,--,0,0,0,34:31,0:00,28,0:00,No,00:00.00,6,0
Running,2018-11-17 17:54:06,false,Bishan-Ang Mo Kio Park,2.66,181,00:14:32,180,196,3.4,166,170,5:28,5:05,3,5,1.1,0,0,--,--,--,--,0,0,0,14:32,0:00,30,0:00,No,00:00.00,3,0
Other,2018-11-17 16:18:41,false,Table Tennis,0,528,00:53:29,151,176,3.9,10,160,--,--,--,--,0,0,0,--,--,--,--,0,0,0,53:29,0:00,30,0:00,No,00:00.00,1,0
Other,2018-11-11 14:51:47,false,Table Tennis,0,1018,01:54:12,153,179,3.6,10,205,--,--,--,--,0,0,0,--,--,--,--,0,0,0,1:54:12,0:00,27,0:00,No,00:00.00,1,0
Running,2018-11-08 18:32:50,false,Marina Bay,3.05,273,00:23:29,171,182,3.5,161,216,7:42,6:35,10,14,0.8,0,0,--,--,--,--,0,0,0,23:29,0:00,31,0:00,No,00:00.00,4,0
Running,2018-11-08 18:15:25,false,Marina Bay,2.01,130,00:11:09,170,189,2.8,168,176,5:33,5:04,1,3,1.07,0,0,--,--,--,--,0,0,0,11:09,0:00,29,0:00,No,00:00.00,3,0
Running,2018-11-05 19:05:27,false,Marina Bay,2,150,00:11:31,185,200,3.3,164,169,5:45,5:15,1,1,1.06,0,0,--,--,--,--,0,0,0,11:31,0:00,29,0:00,No,00:00.00,3,0
Running,2018-11-05 18:37:57,false,Marina Bay,3.13,275,00:24:55,159,173,3.2,157,188,7:58,6:38,10,16,0.8,0,0,--,--,--,--,0,0,0,24:55,0:00,27,0:00,No,00:00.00,4,0
Other,2018-10-28 21:13:04,false,Table Tennis,0,198,00:53:59,97,126,0.3,9,173,--,--,--,--,0,0,0,--,--,--,--,0,0,0,53:59,0:00,29,0:00,No,00:00.00,1,0
Other,2018-09-14 19:51:36,false,Table Tennis,0,631,01:25:01,141,175,3.5,8,235,--,--,--,--,0,0,0,--,--,--,--,0,0,0,1:25:01,0:00,26,0:00,No,00:00.00,1,0
Other,2018-09-09 19:45:54,false,Table Tennis,0,377,02:32:45,85,122,0.3,7,235,--,--,--,--,0,0,0,--,--,--,--,0,0,0,2:32:45,0:00,25,0:00,No,00:00.00,1,0
Running,2018-09-05 18:16:20,false,Marina Bay,2,120,00:10:28,174,196,3.1,169,174,5:13,4:50,1,2,1.13,0,0,--,--,--,--,0,0,0,10:28,0:00,29,0:00,No,00:00.00,3,0
Running,2018-09-03 18:24:45,false,Marina Bay,3.02,198,00:16:54,174,202,3.6,165,172,5:36,4:54,16,17,1.08,0,0,--,--,--,--,0,0,0,16:54,0:00,29,0:00,No,00:00.00,4,0
Other,2018-08-22 09:14:54,false,Table Tennis,0,175,01:02:48,91,133,0.3,8,163,--,--,--,--,0,0,0,--,--,--,--,0,0,0,1:02:48,0:00,28,0:00,No,00:00.00,1,0
Other,2018-08-18 18:49:00,false,Table Tennis,0,1000,02:05:19,158,194,5,10,217,--,--,--,--,0,0,0,--,--,--,--,0,0,0,2:05:19,0:00,29,0:00,No,00:00.00,2,0
Other,2018-08-11 19:35:44,false,Table Tennis,0,379,01:48:46,102,149,1.3,7,159,--,--,--,--,0,0,0,--,--,--,--,0,0,0,1:48:46,0:00,25,0:00,No,00:00.00,1,0
Running,2018-07-24 18:07:55,false,Marina Bay,3,170,00:16:20,175,192,3.3,170,174,5:26,4:53,2,2,1.05,7.9,8.5,277,50.1% L / 49.9% R,--,--,0,0,0,16:20,0:00,30,0:00,No,00:00.00,4,0
Other,2018-07-21 19:35:16,false,Table Tennis,0,733,01:36:49,150,173,3.7,9,159,--,--,--,--,0,0,0,--,--,--,--,0,0,0,1:36:49,0:00,29,0:00,No,00:00.00,1,0
Running,2018-07-18 08:31:12,false,Sembawang Camp,2.41,149,00:13:26,183,196,3.4,168,178,5:34,4:21,5,4,1.06,0,0,--,--,--,--,0,0,0,13:26,0:00,29,0:00,No,00:00.00,3,0
Running,2018-07-18 08:14:21,false,Sembawang Camp,2.01,108,00:09:52.0,178,195,3.2,168,174,4:55,4:31,1,3,1.21,0,0,--,--,--,--,0,0,0,9:52.0,0:00,28,0:00,No,00:00.00,3,0
Running,2018-07-16 08:14:13,false,Sembawang Camp,4.15,260,00:23:41,180,195,4.8,161,168,5:42,4:58,4,7,1.09,0,0,--,--,--,--,0,0,0,23:41,0:00,28,0:00,No,00:00.00,5,0
Other,2018-07-14 19:44:50,false,Table Tennis,0,616,02:05:22,119,160,2.7,8,245,--,--,--,--,0,0,0,--,--,--,--,0,0,0,2:05:22,0:00,25,0:00,No,00:00.00,1,0
Running,2018-07-13 23:19:09,false,West Coast,3.5,197,00:20:59,162,179,3.4,160,165,6:00,5:18,17,15,0.98,9.4,9.4,294,49.9% L / 50.1% R,--,--,0,0,0,20:59,0:00,30,0:00,No,00:00.00,4,0
Other,2018-07-09 17:09:41,false,Table Tennis,0,338,01:09:04,120,166,3.1,12,245,--,--,--,--,0,0,0,--,--,--,--,0,0,0,1:09:04,0:00,30,0:00,No,00:00.00,1,0
Other,2018-07-08 12:09:38,false,Table Tennis,0,684,02:01:02,130,173,3.5,7,247,--,--,--,--,0,0,0,--,--,--,--,0,0,0,2:01:02,0:00,30,0:00,No,00:00.00,1,0
Running,2018-07-03 18:15:25,false,Marina Bay,4.01,238,00:21:44,180,199,4.6,168,174,5:25,4:56,2,5,1.07,8.1,8.9,271,49.9% L / 50.1% R,--,--,0,0,0,21:44,0:00,27,0:00,No,00:00.00,5,0
Other,2018-07-01 21:07:36,false,Table Tennis,0,201,00:54:33,99,177,2.9,12,159,--,--,--,--,0,0,0,--,--,--,--,0,0,0,54:33,0:00,28,0:00,No,00:00.00,1,0
Running,2018-06-21 18:47:50,false,Marina Bay,2.74,157,00:13:42,178,201,3.6,173,185,5:00,4:30,1,3,1.09,7.5,8.3,273,49.0% L / 51.0% R,--,--,0,0,0,13:42,0:00,28,0:00,No,00:00.00,3,0
Other,2018-06-17 21:00:00,false,Table Tennis,0,529,01:02:21,144,173,3.8,11,202,--,--,--,--,0,0,0,--,--,--,--,0,0,0,1:02:21,0:00,30,0:00,No,00:00.00,1,0
Running,2018-06-04 18:16:36,false,Marina Bay,5.01,307,00:30:00,169,207,3.4,166,174,6:00,4:27,3,6,0.96,8.7,8.5,284,49.3% L / 50.7% R,--,--,0,0,0,30:00,0:00,29,0:00,No,00:00.00,6,0
Other,2018-06-03 21:14:22,false,Table Tennis,0,504,00:48:20,165,187,4.4,13,157,--,--,--,--,0,0,0,--,--,--,--,0,0,0,48:20,0:00,29,0:00,No,00:00.00,1,0
Indoor Running,2018-06-02 08:17:53,false,Maju Camp,2.36,136,00:11:14,186,196,3.3,173,180,4:45,4:32,--,--,1.22,0,0,--,--,--,--,0,0,0,11:14,0:00,25,0:00,No,00:00.00,6,0
Running,2018-05-31 18:10:59,false,Marina Bay,5.25,299,00:28:01,172,190,3.8,168,172,5:20,4:47,2,5,1.07,8.1,8.8,282,50.3% L / 49.7% R,--,--,0,0,0,28:01,0:00,28,0:00,No,00:00.00,6,0
Other,2018-05-26 09:35:46,false,Table Tennis,0,678,01:43:33,129,163,3,10,232,--,--,--,--,0,0,0,--,--,--,--,0,0,0,1:43:33,0:00,24,0:00,No,00:00.00,1,0
Running,2018-05-21 19:07:16,false,Marina Bay,3.01,157,00:14:09,176,193,3.2,171,204,4:42,4:20,--,3,1.16,7.5,8.9,266,50.0% L / 50.0% R,--,--,0,0,0,14:09,0:00,29,0:00,No,00:00.00,4,0
Running,2018-05-19 22:19:56,false,West Coast Park,8.01,474,00:43:28,177,188,4.7,166,177,5:26,4:30,11,18,1.06,8.1,8.8,267,49.5% L / 50.5% R,--,--,0,0,0,43:28,0:00,28,0:00,No,00:00.00,9,0
Running,2018-05-17 18:19:49,false,Marina Bay,3.01,159,00:14:26,175,193,3.2,174,182,4:48,4:29,1,3,1.15,7,8.3,276,50.0% L / 50.0% R,--,--,0,0,0,14:26,0:00,29,0:00,No,00:00.00,4,0
Running,2018-05-13 23:39:00,false,Kent Ridge,5.01,295,00:28:51,167,181,3.5,164,169,5:46,4:52,25,26,1.03,8.2,8.6,289,49.4% L / 50.6% R,--,--,0,0,0,28:51,0:00,29,0:00,No,00:00.00,6,0
Other,2018-05-13 16:36:30,false,Table Tennis,0,504,01:38:14,119,155,1.7,8,166,--,--,--,--,0,0,0,--,--,--,--,0,0,0,1:38:14,0:00,23,0:00,No,00:00.00,1,0
Other,2018-05-11 20:48:27,false,Table Tennis,0,594,01:18:35,136,167,3.1,11,161,--,--,--,--,0,0,0,--,--,--,--,0,0,0,1:18:35,0:00,30,0:00,No,00:00.00,1,0
Running,2018-05-09 18:09:18,false,Marina Bay,2.4,123,00:10:59,175,188,2.9,179,185,4:34,4:19,1,2,1.12,6.6,7.6,262,48.8% L / 51.2% R,--,--,0,0,0,10:59,0:00,29,0:00,No,00:00.00,3,0
Running,2018-05-07 19:02:47,false,Marina Bay,1.61,100,00:08:25.8,186,191,2.8,171,180,5:15,4:41,1,3,1.07,8.3,8.9,258,49.7% L / 50.3% R,--,--,0,0,0,8:25.8,0:00,30,0:00,No,00:00.00,2,0
Running,2018-05-07 18:24:04,false,Marina Bay,6,375,00:32:32,178,189,4.7,172,181,5:25,4:37,11,16,1.04,7.7,8.2,273,49.7% L / 50.3% R,--,--,0,0,0,32:32,0:00,28,0:00,No,00:00.00,6,0
Other,2018-05-06 21:06:15,false,Table Tennis,0,471,01:00:20,140,177,3,13,154,--,--,--,--,0,0,0,--,--,--,--,0,0,0,1:00:20,0:00,30,0:00,No,00:00.00,1,0
Running,2018-05-05 23:42:50,false,West Coast,2.4,131,00:11:38,176,191,3.1,171,179,4:51,4:16,8,20,1.14,7,8.2,273,49.5% L / 50.5% R,--,--,0,0,0,11:38,0:00,29,0:00,No,00:00.00,3,0
Running,2018-05-03 22:26:07,false,West Coast,5.01,308,00:29:59,164,177,3.4,161,177,5:59,5:03,20,21,0.98,8.4,8.5,291,49.1% L / 50.9% R,--,--,0,0,0,29:59,0:00,28,0:00,No,00:00.00,6,0
Other,2018-04-30 21:01:30,false,Table Tennis,0,563,01:07:03,146,179,3.6,12,205,--,--,--,--,0,0,0,--,--,--,--,0,0,0,1:07:03,0:00,30,0:00,No,00:00.00,1,0
Running,2018-04-29 23:20:22,false,West Coast,3.45,206,00:19:14,169,185,3.3,164,176,5:34,5:05,14,15,1.04,7.7,8.3,288,48.9% L / 51.1% R,--,--,0,0,0,19:14,0:00,30,0:00,No,00:00.00,4,0
Other,2018-04-28 15:07:56,false,Table Tennis,0,496,00:52:35,150,174,4,9,157,--,--,--,--,0,0,0,--,--,--,--,0,0,0,52:35,0:00,31,0:00,No,00:00.00,1,0
Running,2018-04-23 22:23:52,false,West Coast,2.42,137,00:12:05,172,190,3,170,189,5:00,4:25,8,10,1.09,7.1,7.9,276,49.0% L / 51.0% R,--,--,0,0,0,12:05,0:00,28,0:00,No,00:00.00,3,0
Other,2018-04-21 15:57:45,false,Table Tennis,0,771,01:43:48,138,166,3.6,7,159,--,--,--,--,0,0,0,--,--,--,--,0,0,0,1:43:48,0:00,29,0:00,No,00:00.00,1,0
Running,2018-04-17 18:23:04,false,Marina Bay,4.01,237,00:20:46,173,187,3.6,175,181,5:11,4:28,4,5,1.01,7.8,7.8,270,48.6% L / 51.4% R,--,--,0,0,0,20:46,0:00,27,0:00,No,00:00.00,5,0
Running,2018-04-13 18:11:39,false,Marina Bay,3,172,00:14:47,174,194,3.3,174,181,4:55,4:21,1,3,1.06,7.3,7.8,279,48.9% L / 51.1% R,--,--,0,0,0,14:47,0:00,28,0:00,No,00:00.00,4,0
Running,2018-04-09 18:24:42,false,Marina Bay,5.01,310,00:26:58,173,190,4,179,193,5:23,4:49,6,8,0.97,7.2,7.1,259,47.2% L / 52.8% R,--,--,0,0,0,26:58,0:00,28,0:00,No,00:00.00,6,0
Other,2018-04-08 13:12:22,false,Table Tennis,0,813,01:47:37,143,163,3.1,9,159,--,--,--,--,0,0,0,--,--,--,--,0,0,0,1:47:37,0:00,29,0:00,No,00:00.00,1,0
Running,2018-04-06 17:53:43,false,Marina Bay,2.4,132,00:11:11,175,191,3.1,179,185,4:39,4:13,2,1,1.14,6.4,7.5,255,46.6% L / 53.4% R,--,--,0,0,0,11:11,0:00,28,0:00,No,00:00.00,3,0
Running,2018-04-04 18:12:25,false,Marina Bay,3.56,220,00:19:52,169,183,3.3,175,184,5:35,4:33,4,6,0.95,7.7,7.3,276,48.2% L / 51.8% R,--,--,0,0,0,19:52,0:00,29,0:00,No,00:00.00,4,0
Running,2018-04-01 22:42:31,false,West Coast,2.01,116,00:11:40,156,178,2.4,171,179,5:48,4:59,7,9,0.96,6.9,6.8,285,46.7% L / 53.3% R,--,--,0,0,0,11:40,0:00,29,0:00,No,00:00.00,3,0
Other,2018-03-31 21:09:09,false,Table Tennis,0,281,00:58:13,111,144,0.8,6,196,--,--,--,--,0,0,0,--,--,--,--,0,0,0,58:13,0:00,28,0:00,No,00:00.00,1,0
Other,2018-03-30 20:01:30,false,Table Tennis,0,738,01:35:19,146,164,3.2,9,189,--,--,--,--,0,0,0,--,--,--,--,0,0,0,1:35:19,0:00,27,0:00,No,00:00.00,1,0
Running,2018-03-29 18:16:15,false,Marina Bay,5,326,00:32:31,159,171,3.1,175,183,6:30,5:15,2,9,0.86,7.6,6.5,279,46.5% L / 53.5% R,--,--,0,0,0,32:31,0:00,28,0:00,No,00:00.00,6,0
Running,2018-03-27 23:28:39,false,West Coast,4.36,277,00:24:28,170,187,3.5,174,191,5:36,4:55,18,20,0.96,7.3,7.2,277,47.0% L / 53.0% R,--,--,0,0,0,24:28,0:00,26,0:00,No,00:00.00,5,0
Running,2018-03-23 23:15:02,false,West Coast,3.01,188,00:16:47,164,182,3,173,185,5:35,4:52,11,9,0.98,7,7,274,46.8% L / 53.3% R,--,--,0,0,0,16:47,0:00,28,0:00,No,00:00.00,4,0
Running,2018-03-21 21:44:59,false,West Coast,2.41,148,00:16:10,146,157,2.1,168,175,6:43,5:34,9,11,0.84,8.2,7,286,44.9% L / 55.1% R,--,--,0,0,0,16:10,0:00,28,0:00,No,00:00.00,3,0
Running,2018-03-18 22:26:59,false,West Coast Park,1.28,74,00:07:03.0,154,168,2,173,176,5:32,5:09,1,2,0.99,7.3,7.4,282,47.6% L / 52.4% R,--,--,0,0,0,7:03.0,0:00,28,0:00,No,00:00.00,2,0
Indoor Cycling,2018-03-17 16:17:29,false,Bike Indoor,3.65,105,00:09:52.9,153,181,2.2,--,--,22.2,--,--,--,0,0,0,--,--,--,--,0,0,0,9:52.9,0:00,28,0:00,No,00:00.00,1,0
Treadmill Running,2018-03-16 17:23:10,false,Treadmill,3.14,206,00:18:08,162,183,3.1,178,190,5:47,4:44,--,--,0.97,7.2,6.8,279,49.7% L / 50.3% R,--,--,0,0,0,18:08,0:00,26,0:00,No,00:00.00,4,0
Hiking,2018-03-16 08:48:55,false,Kulon Progo Hike,0.33,30,00:10:23,83,119,0.1,30,160,31:34,13:51,24,11,1.04,0,0,--,--,--,--,0,0,0,10:23,0:00,30,0:00,No,00:00.00,1,0
Running,2018-03-13 23:17:58,false,West Coast,2.2,134,00:12:07,161,173,2.4,174,184,5:31,4:41,10,9,0.99,7.1,7.2,278,48.3% L / 51.7% R,--,--,0,0,0,12:07,0:00,28,0:00,No,00:00.00,3,0
Running,2018-03-12 18:14:08,false,Marina Bay,3.02,183,00:14:56,170,183,2.9,174,179,4:57,4:31,6,8,1.09,7,7.8,270,49.6% L / 50.4% R,--,--,0,0,0,14:56,0:00,28,0:00,No,00:00.00,4,0
Running,2018-03-10 22:03:43,false,Clementi Woods,1.19,68,00:06:38.2,145,163,1.5,169,178,5:36,4:52,7,7,1.01,7.4,7.7,288,48.1% L / 51.9% R,--,--,0,0,0,6:38.2,0:00,28,0:00,No,00:00.00,2,0
Running,2018-03-10 09:14:50,false,Bishan-Ang Mo Kio Park,3.31,185,00:22:01,166,191,3.1,166,185,6:39,4:15,7,5,1.04,7.8,8.2,285,49.1% L / 50.9% R,--,--,0,0,0,22:01,0:00,28,0:00,No,00:00.00,6,0
Running,2018-03-07 18:15:00,false,Marina Bay,5.01,312,00:24:22,174,185,4.1,172,179,4:52,4:17,5,7,1.18,7,8.5,267,49.8% L / 50.2% R,--,--,0,0,0,24:22,0:00,27,0:00,No,00:00.00,6,0
Running,2018-03-05 18:51:09,false,Marina Bay,2.01,118,00:09:49.3,170,186,3,171,180,4:53,4:23,2,2,1.17,7.3,8.6,268,49.7% L / 50.3% R,--,--,0,0,0,9:49.3,0:00,28,0:00,No,00:00.00,3,0
Running,2018-03-03 21:47:15,false,West Coast Park,15.07,1113,01:29:34,163,175,5,170,189,5:57,5:29,18,25,0.99,8.2,8.3,266,49.1% L / 50.9% R,--,--,0,0,0,1:29:34,0:00,27,0:00,No,00:00.00,16,0
Running,2018-03-02 21:59:06,false,Kent Ridge,2.91,171,00:16:30,172,180,3.4,170,197,5:40,4:44,21,18,1.02,7.8,8,274,49.7% L / 50.3% R,--,--,0,0,0,16:30,0:00,28,0:00,No,00:00.00,3,0
Running,2018-03-02 21:39:14,false,West Coast,2.01,118,00:09:55.1,170,185,2.9,170,176,4:56,4:25,8,9,1.17,6.7,8.1,278,49.8% L / 50.2% R,--,--,0,0,0,9:55.1,0:00,28,0:00,No,00:00.00,3,0
Cycling,2018-02-26 22:51:00,false,West Coast Park,5.04,201,00:19:36,151,163,2.7,--,--,15.4,26.2,10,11,0,0,0,--,--,--,--,0,0,0,19:36,0:00,28,0:00,No,00:00.00,2,0
Running,2018-02-26 21:53:12,false,West Coast Park,7.01,399,00:38:20,167,175,3.8,171,178,5:28,4:54,12,16,1.06,7.6,8.2,266,50.1% L / 49.9% R,--,--,0,0,0,38:20,0:00,27,0:00,No,00:00.00,8,0
Cycling,2018-02-25 23:02:49,false,West Coast,0.92,24,00:05:43.2,129,141,0.7,--,--,9.6,15.7,1,--,0,0,0,--,--,--,--,0,0,0,5:43.2,0:00,28,0:00,No,00:00.00,1,0
Cycling,2018-02-25 21:44:40,false,Faber Heights to Clementi,3.33,99,00:23:52,126,156,1.5,--,--,8.4,19.8,15,13,0,0,0,--,--,--,--,0,0,0,23:52,0:00,29,0:00,No,00:00.00,1,0
Running,2018-02-25 21:15:30,false,Home to Faber Heights,3.03,189,00:15:48,164,178,2.9,164,175,5:13,4:38,13,16,1.07,8.8,9.4,268,49.7% L / 50.3% R,--,--,0,0,0,15:48,0:00,27,0:00,No,00:00.00,4,0
Running,2018-02-24 08:55:44,false,West Coast Park,3.21,185,00:15:37,171,182,3,174,181,4:52,2:14,5,6,1.16,7,8.2,259,49.5% L / 50.5% R,--,--,0,0,0,15:37,0:00,25,0:00,No,00:00.00,4,0
Running,2018-02-22 22:34:20,false,West Coast Park,4.01,248,00:20:17,171,182,3.3,171,176,5:04,4:29,7,7,1.14,7.3,8.5,268,49.9% L / 50.1% R,--,--,0,0,0,20:17,0:00,26,0:00,No,00:00.00,5,0
Running,2018-02-19 23:44:41,false,West Coast Park,0.41,16,00:01:28.0,146,170,0.5,197,213,3:33,3:25,1,--,1.38,4.9,7,190,47.6% L / 52.4% R,--,--,0,0,0,1:28.0,0:00,28,0:00,No,00:00.00,1,0
Running,2018-02-19 23:14:03,false,West Coast Park,3.59,209,00:17:55,169,179,3.1,168,173,5:00,4:33,6,8,1.19,0,0,--,--,--,--,0,0,0,17:55,0:00,26,0:00,No,00:00.00,4,0
Running,2018-02-18 23:09:33,false,Clementi Woods,0.4,18,00:01:44.4,160,172,0.5,177,193,4:18,3:43,6,4,1.25,7.3,8.7,245,49.3% L / 50.7% R,--,--,0,0,0,1:44.4,0:00,27,0:00,No,00:00.00,1,0
Running,2018-02-18 23:01:59,false,Clementi Woods,0.41,17,00:01:41.6,155,171,0.5,179,192,4:11,3:50,1,1,1.34,0,0,--,--,--,--,0,0,0,1:41.6,0:00,28,0:00,No,00:00.00,1,0
Running,2018-02-18 21:35:15,false,West Coast,0.54,33,00:02:23.8,168,178,0.9,170,174,4:26,4:08,--,--,1.31,7.1,9.6,229,49.3% L / 50.7% R,--,--,0,0,0,2:23.8,0:00,27,0:00,No,00:00.00,1,0
Running,2018-02-18 21:13:55,false,West Coast Park,3.13,182,00:15:36,167,178,2.9,171,175,4:59,4:33,6,9,1.16,7.1,8.4,260,49.5% L / 50.5% R,--,--,0,0,0,15:36,0:00,27,0:00,No,00:00.00,5,0
Running,2018-02-16 23:18:59,false,West Coast Park,7.51,415,00:40:47,169,177,4.1,168,174,5:26,5:02,16,18,1.08,7.6,8.4,263,49.5% L / 50.5% R,--,--,0,0,0,40:47,0:00,27,0:00,No,00:00.00,8,0
Running,2018-02-15 22:30:27,false,West Coast Park,1.01,61,00:04:23.5,176,186,2,189,195,4:21,4:02,3,2,1.18,6.1,7.3,234,48.7% L / 51.3% R,--,--,0,0,0,4:23.5,0:00,27,0:00,No,00:00.00,2,0
Running,2018-02-15 21:53:38,false,West Coast Park,4.01,243,00:20:28,173,184,3.2,172,180,5:06,4:38,7,9,1.13,7,8.1,270,49.8% L / 50.2% R,--,--,0,0,0,20:28,0:00,27,0:00,No,00:00.00,5,0
Running,2018-02-14 23:24:39,false,West Coast Park,3.01,176,00:14:58,166,185,2.8,174,197,4:58,4:10,4,5,1.15,6.6,7.8,263,49.2% L / 50.8% R,--,--,0,0,0,14:58,0:00,26,0:00,No,00:00.00,4,0
Running,2018-02-14 00:34:48,false,Clementi Woods,1.12,64,00:05:12.0,173,183,2,176,185,4:38,4:11,19,15,1.19,6.7,8.2,259,50.0% L / 50.0% R,--,--,0,0,0,5:12.0,0:00,26,0:00,No,00:00.00,2,0
Running,2018-02-14 00:22:23,false,Clementi Woods,1.11,64,00:05:31.2,164,177,1.9,172,179,4:59,4:13,16,13,1.15,7,8.1,275,50.2% L / 49.8% R,--,--,0,0,0,5:31.2,0:00,27,0:00,No,00:00.00,2,0
Running,2018-02-12 18:46:16,false,Marina Bay,2.01,121,00:09:25.8,178,188,2.6,181,185,4:42,4:04,5,4,1.1,6.8,7.6,262,50.2% L / 49.8% R,--,--,0,0,0,9:25.8,0:00,28,0:00,No,00:00.00,3,0
Running,2018-02-11 15:23:02,false,Marina Bay,5.01,327,00:26:05,172,190,3.6,175,181,5:12,4:05,10,9,1.07,7.6,8.3,268,50.2% L / 49.8% R,--,--,0,0,0,26:05,0:00,30,0:00,No,00:00.00,6,0
Running,2018-02-10 08:17:20,false,West Coast Park,2.41,150,00:11:31,175,192,2.8,179,184,4:47,3:59,6,9,1.14,6.8,7.8,259,50.0% L / 50.0% R,--,--,0,0,0,11:31,0:00,24,0:00,No,00:00.00,3,0
Running,2018-02-09 18:43:55,false,Marina Bay,2.01,130,00:10:37,166,177,2.4,174,178,5:17,4:36,3,3,1.09,0,0,--,--,--,--,0,0,0,10:37,0:00,28,0:00,No,00:00.00,3,0
Running,2018-02-07 16:56:00,false,West Coast Park,10.01,738,00:55:38,174,187,5,172,181,5:34,4:15,22,24,1.05,0,0,--,--,--,--,0,0,0,55:38,0:00,28,0:00,No,00:00.00,11,0
Running,2018-02-05 18:50:23,false,Marina Bay,2.01,119,00:09:43.4,162,192,2.6,176,182,4:50,3:24,2,4,1.17,0,0,--,--,--,--,0,0,0,9:43.4,0:00,28,0:00,No,00:00.00,3,0
Running,2018-02-04 09:14:33,false,West Coast Park,1.01,60,00:04:29.0,178,189,2.3,184,191,4:26,3:48,1,2,1.23,0,0,--,--,--,--,0,0,0,4:29.0,0:00,28,0:00,No,00:00.00,2,0
Running,2018-02-04 08:36:05,false,West Coast Park,4.01,302,00:21:46,178,191,4.1,171,184,5:26,4:50,7,12,1.08,0,0,--,--,--,--,0,0,0,21:46,0:00,28,0:00,No,00:00.00,5,0
Running,2018-02-03 09:16:55,false,West Coast Park,1.01,50,00:04:47.6,137,142,1.1,180,187,4:45,4:14,2,2,1.17,0,0,--,--,--,--,0,0,0,4:47.6,0:00,28,0:00,No,00:00.00,2,0
Running,2018-02-03 09:02:11,false,West Coast Park,1.11,81,00:06:02.9,174,184,2.4,166,172,5:27,4:48,2,2,1.11,0,0,--,--,--,--,0,0,0,6:02.9,0:00,28,0:00,No,00:00.00,2,0
Running,2018-02-01 18:26:00,false,Marina Bay,4.92,--,00:25:26,183,194,--,--,--,5:10,0:58,103,103,0,0,0,--,--,86,90,0,0,0,25:26,0:00,30,0:00,No,00:00.00,1,0
Running,2018-01-29 18:26:20,false,Marina Bay,3.04,--,00:15:39,174,192,--,--,--,5:09,2:03,36,39,0,0,0,--,--,--,--,0,0,0,15:39,0:00,0,0:00,No,00:00.00,1,0
Running,2018-01-28 08:00:20,false,West Coast Park,5.12,--,00:27:32,187,195,--,--,--,5:23,2:35,57,60,0,0,0,--,--,--,--,0,0,0,27:32,0:00,0,0:00,No,00:00.00,1,0
Running,2018-01-26 23:42:44,false,West Coast Park,2.34,--,00:13:00,171,182,--,--,--,5:33,3:24,35,29,0,0,0,--,--,--,--,0,0,0,13:00,0:00,0,0:00,No,00:00.00,1,0
Running,2018-01-26 23:24:49,false,West Coast,1.13,--,00:06:45,148,165,--,--,--,5:59,2:50,12,22,0,0,0,--,--,--,--,0,0,0,6:45,0:00,0,0:00,No,00:00.00,1,0
Running,2018-01-22 18:22:57,false,Marina Bay,3.14,--,00:18:18,173,196,--,--,--,5:50,1:43,32,30,0,0,0,--,--,--,--,0,0,0,18:18,0:00,0,0:00,No,00:00.00,1,0
Running,2018-01-21 07:33:27,false,Marina Bay,8.18,--,01:04:55,157,185,--,--,--,7:56,1:43,166,167,0,0,0,--,--,--,--,0,0,0,1:04:55,0:00,0,0:00,No,00:00.00,1,0
Running,2018-01-17 18:10:09,false,Marina Bay,5.07,--,00:29:21,183,200,--,--,--,5:48,1:34,113,115,0,0,0,--,--,--,--,0,0,0,29:21,0:00,0,0:00,No,00:00.00,1,0
Running,2018-01-06 08:23:14,false,West Coast Park,5.08,--,00:30:06,179,195,--,--,--,5:56,2:45,47,56,0,0,0,--,--,--,--,0,0,0,30:06,0:00,0,0:00,No,00:00.00,1,0
Running,2017-12-26 18:32:02,false,Marina Bay,4.96,--,00:29:14,179,196,--,--,--,5:54,1:12,120,125,0,0,0,--,--,--,--,0,0,0,29:14,0:00,0,0:00,No,00:00.00,1,0
Running,2017-12-20 18:45:50,false,Marina Bay,3.95,--,00:23:55,178,194,--,--,--,6:03,2:46,89,120,0,0,0,--,--,--,--,0,0,0,23:55,0:00,0,0:00,No,00:00.00,1,0
Running,2017-12-08 18:20:38,false,Marina Bay,5.02,--,00:29:17,--,--,--,--,--,5:50,1:08,111,107,0,0,0,--,--,--,--,0,0,0,29:17,0:00,0,0:00,No,00:00.00,1,0
Running,2017-12-05 18:17:43,false,Marina Bay,4.61,--,00:28:19,--,--,--,--,--,6:08,1:52,69,97,0,0,0,--,--,--,--,0,0,0,28:19,0:00,0,0:00,No,00:00.00,1,0
Running,2017-11-30 18:16:51,false,Marina Bay,3.21,--,00:19:14,--,--,--,--,--,6:00,3:22,9,43,0,0,0,--,--,--,--,0,0,0,19:14,0:00,0,0:00,No,00:00.00,1,0
Running,2017-11-27 18:08:37,false,Marina Bay,3.01,--,00:18:18,--,--,--,--,--,6:05,3:35,45,50,0,0,0,--,--,--,--,0,0,0,18:18,0:00,0,0:00,No,00:00.00,1,0
